PERSON ID,NAME,OTHER NAMES,ETHNICITY/NATIONALITY,PHYSICAL DESCRIPTORS,LOCATION(S),LOCATION IDS,BIOGRAPHICAL INFORMATION
P1,MOLIA,"COOBAH

CUBBAH",EBO,"4'6 INCHES HIGH (1761)

'TT' IN DOWNWARD TRIANGLE BRAND ON HER RIGHT SHOULDER (1761)

BRAND ON HER FOREHEAD (1770)

CHAIN/COLLAR MARKS AND SCARS ON HER NECK/SHOULDERS

SCARS FROM REPEATED FLOGGINGS","EGYPT ESTATE (1761-1767)

BREADNUT ISLAND PEN (1767-1774)",L1; L3,"Molia first appeared in the diary in December of 1761. Thistlewood purchased her in a group sale of five other Africans from a trader for 50 pounds. Upon her arrival to Egypt estate, he paired her with an enslaved fieldwoman named Wonga (also known as Princess) to be 'seasoned'. One week after her purchase, he put her to work in Egypt's fields.

 Four years following her purchase, Molia gave birth to a mixed race baby girl named Silvia. When Silvia was fifteen months old, Thistlewood hired Molia to labor on Masemure, a neighboring sugar plantation. He forced her to leave Silvia behind and in the care of Nanny, another enslaved mother of a little girl named Little Phibbah who was the same age as Silvia. Shortly after their separation, Silvia fell sick and died. 

Molia was never the same following Silvia's death. She never had any more children, and and she also refused to stay in place. Over the course of the next six years, she would run away no less than fourteen times. The seventh of these escapes was to a place called Bluefields Bay, to see a person Molia herself identified as a ""Shipmate,"" a person who had survived the Middle Passage voyage with her to Jamaica. The fourteenth of these escapes (and the last that she would make in Jamaica) was to an estate called Paradise; it was the same estate where Molia had been sent to give birth to Silvia. 

Following this fourteenth recapture, Thistlewood sold Molia to another slave owner, who transported her away from Jamaica, and to the British colony of Savannah. Georgia."
P2,SILVIA,,"HALF EBO
MOST LIKELY MIXED RACE",FAIRSKINNED;'MULATTO' (1766),"EGYPT ESTATE (1766)

BREADNUT ISLAND PEN (1767-1768)",L1; L3,"Silvia was born on November 12, 1766. Her mother was Molia, an ""Ebo"" woman presumed to have been 15 at the time of her capture into the slave trade, and 20 at the time of her birth. Silvia's father was never identified, although he was presumed by Thistlewood to have been a white man. Her mother was assisted in the delivery by an enslaved grannie named Paradise Quasheba. For the first fifteen months of her life Silvia lived with her mother, and another enslaved young African woman named Peggy. 

In the winter of 1768, Thistlewood contracted Molia out to labor on a neighboring sugar estate named Masemure. He forced Molia to leave Silvia behind and in the care of another enslaved woman named Nanny, who also had a 1 year old daughter named Little Phibbah. Several months after her mother's departure, Silvia became sick of an unknown illness, and died at just fifteen months old."
P3,EGYPT LUCY,,?,,EGYPT ESTATE (1750-1772),L1,"Egypt Lucy was an Afro-Creole woman who labored on Egypt Estate's First gang for much of her life.

She had two primary domestic partners: Daniel, a skilled enslaved laborer who lived on Egypt, and Mason Quashe a skilled enslaved laborer who belonged to Elizabeth Anderson--the quadroon mistress of William Dorrill, Thistlewood's first employer-- and who was a regular visitor at Egypt to perform various tasks of carpentry, masonry, and even supervision of the First Gang. 

Between 1750 and her death in 1772, Egypt Lucy had three confirmed pregnancies: one in October 1754 to her daughter Julina with Daniel, the second in August of 1758 to an unnamed son (presumably also with Daniel) who died at just 5 days old, and the third in November of 1759 to a son who was named Little Quashe (presumably after his father, Mason Quashe).

In May 1760, Egypt became the wet nurse to John, the son of Egypt's housekeeper and Thistlewood. This seemed to mark the beginining of a strong and lasting friendship between not only Egypt Lucy and Phibbah, but between Egypt Lucy and Phibbah's broader social network of enslaved domestic workers. This circle included Phibbah's sister, Nancy,her daughter Accubah, an enslaved healer woman named Vine, and another enslaved domestic worker called House Franke. Together, the six women formed an agricutural co-op of sorts, pooling the money and resources they earned through the selling of goods they raised from their provison grounds, their raising of livestock, and from sewing work they were contracted to perform for whites. They intended the funds to be used to purchase at least one of each other's freedom.

Egypt Lucy was relatively prosperous as a enslaved business woman; such that in 1769, she along with Phibbah, and House Franke gave Thistlewood a 27 pound loan to help him in his transition from Egypt's overseer to an independeny penkeeper of a property called Breadnut Island Pen. EGypt Lucy would als give Thistlewood a second personal loan of 10 pounds; he would go on to repay both loans within about a year. 

Following her stint as John's wetnurse, Egypt Lucy continued to act as a care provider and parental influence for both Phibbah's children. When Phibbah and Thistlewood moved away from Egypt and left John behind, they entrusted EGypt Lucy to escort him to their newhome on Breadnut Islabd Pen for visits. Egypt Lucy also kept abreast of the day-to-day and night-to-night activities of Phibbah's daughter Accubah--including her covert fasincination and involvement in the secret Myal society.

On multiple occasions throughout the years, Egypt Lucy was chosen by her white masters to be a 'seasoner,' a role designed for mostly Afro-Creole enslaved men and women who had either been born or resided in Jamaica for extended periods of time to acclimate/'season' newly arrived Africans to their new realities. In December of 1761, after purchasing 6 new Africans from a slave trader named John Hutt, Thistlewood tasked Egpyt Lucy with being the seasoner of a young African girl included in this sale named Ogo (he would rename her Maria). In November of 1766, Ogo would give birth to her first child: a daughter named Lucy.

In July 1770, shortly following Molia's fourth escape from and return to Breadnut Island Pen, Egypt Lucy paid a visit to the pen, where she interrupted Thistlewood's attempt to punish Molia by confining her to a set of bilboes, convincing him not to.

As a field laborer, Egypt Lucy was frequently in poor health. In June of 1772, she died. Phibbah and a 12 year old John attended her funeral and burial."
P4,JULINA,,?,,EGYPT ESTATE (1750--?),L1,"Julina was born in October of 1754 on Egypt Estate. Her mother was Egypt Lucy, an enslaved and Afro-Creole member Egypt estate's first gang. Her father was Daniel, an enslaved skilled laborer who also lived on Egypt. 

In August of 1758, Julina's mother Egypt Lucy gave birth to an unnamed baby boy, Julina's brother, who died at 5 days old. The following year, in November of 1759, Egypt Lucy was sent away from Egypt to a neighboring estate called Paradise, where she gave birth to another son, Julina's second brother, who was named Little Quashe. Julina fell sick while her mother was away, but soon recovered. Little Quashe and Egypt Lucy returned to Egypt in January of 1760, where they would continue as one nuclear household.

In October of 1766, Julina would, for reasons unspecified by Thistlewood, accompany Molia to Paradise for her lying in period before she gave birth to Silvia in November of that same year.

In December of 1770, Julina became the mistress/concubine of a white man named Robert Parker, a friend of Thistlewood's. "
P5,LITTLE QUASHE,,?,,EGYPT ESTATE (1759--?),L1,"Little Quashe was born in November of 1759, the son of Egypt Lucy, a field laborer of Egypt Estate and Mason Quashe, a skilled enslaved laborer who belonged to Elizabeth Anderson--the quadroon mistress of William Dorrill, Thistlewood's first employer-- and who was a regular visitor at Egypt to perform various tasks of carpentry, masonry, and even supervision of the First Gang. He was half-brother to Julina, Egypt Lucy's first daughter. 

Like many children of his time and place, Little Quashe was frequently ill. He was cared for by his mother, as well as by his mother's close friends, Phibbah (the housekeeper of Egypt Estate), and Vine, an enslaved woman, healer and storyteller from a neighboring estate."
P6,ABBA,,AFRICAN,,"EGYPT ESTATE (1758--1767)

BREADNUT ISLAND PEN (1767-1786)",L1; L3,"Abba was an enslaved African young woman, first appearing in the diary in Februaryof 1758 when she was purchased by Thistlewood from a slave trader named John Parkinson for 46 pounds. Thistlewood intended for her to be a domestic worker, setting her to train in the cookroom with Egypt's housekeeper Phibbah, then hiring her out to other white neighbors throughout the parish.

Abba would have several domestic/sexual partners over the course of the twenty eight years she appears in the diaries. The first of these was Hazat, a driver who belonged to William Mould, an owner of a neighboring plantation. Another was Cudjoe, an enslaved fieldhand who belonged to John Rickett, one of Thistlewood's friends. A third was Neptune, an enslaved man who belonged to a Savanna la Mar tavern owner and another of Thistlewood's friends, Thomas Emotson. A fourth was Lincoln, the very first enslaved person Thistlewood ever purcahsed.

Abba was unique among the many enslaved women who appear in the diairies in the sense that was extremely fertile, having a total of thirteen pregnancies over the span of twenty eight years. Ten of these resulted in live births, one in a stillbirth. Of these ten children, six (Including Johnie, Neptune, Jenny, Mary)survived their first year of life  and four survived until at least 1786, the year of Thistlewood's death and the last year of the diary records.

Abba and her children's living arrangements fluctuated usually depending upon who her current sexual/domestic partner was, but for a period of time in 1767, she and Mary, Johnie and Neptune lived with Sally, a Congo woman who Thistlewood had first purchased as a 8 or 9 year old child in 1762.

Abba was known to tell the Anansi spider stories that she had learned from her homeland alongside Vine, an enslaved domestic woman and healer from a neighboring plantation called Cabaritta Estate.

Abba would be one of the enslaved people on Breadnut Island Pen who would go on to outlive Thistlewood following his death in 1786. In a 1787 appraisal of his human property, her age was described as ""unknown"", and she was valued at 40 pounds."
P7,PHIBBAH,PHIB; PHIBBAH,?,,"EGYPT ESTATE (?--1767)

PARADISE ESTATE

SALT RIVER ESTATE

BREADNUT ISLAND PEN (1767-1786)",L1; L2; L3; L4,"Phibbah was the Afro-Creole housekeeper of Egypt Estate. She was owned by Molly Cope, the wife of John Cope, Thistlewood's employer. A prominent and influential figure among the broader enslaved communit, Phibbah often leveraged that influence to gain relative material and social benefits for herself, her children and her other loved ones.

Phibbah was very close with a sister named Nancy who lived on a neighboring plantation and very frequently visited her.

Phibbah had an unnamed enslaved husband, but this relationship was soon displaced by the sexual/domestic relationship she would strike up with Thistlewood that would last for over three decades, ending only in his death in 1786. Although he was never monogamous, Thistlewood referred to Phibbah as his ""wife"".

The diaries depict Phibbah as having three confirmed pregnancies/children. The first was a daughter named Accubah [unknown date of birth and father; also called Coobah and later Jenny Young], a stillborn boy [with John Cope, born ] and John [her son with Thistlewood who lived to the age of 20].

Phibbah had a tight knit circle of friends, most of whom were enslaved women domestic laborers. These included her sister Nancy, her daughter Accubah, domestic laborer and healer Vine, and domestic laborer House Franke. Following the birth of her son John in 1760, she also became very close friends with an enslaved field woman of Egypt estate called Egypt Lucy who served as John's wetnurse. Phibbah often visited with Egypt Lucy, cared for her son Little Quashe when he was will. She also brought Egypt Lucy into the agricultural co-op network that she had formed with her sister, daughter and other friends. Together, the six women pooled the money and resources they earned through the selling of goods they raised from their provison grounds, their raising of livestock, and from sewing work they were contracted to perform for whites. They intended the funds to be used to purchase at least one of each other's freedom.

Phibbah was a very prosperous businesswoman and in 1769, she along with Egypt Lucy, and House Franke gave Thistlewood a 27 pound loan to help him in his transition from Egypt's overseer to an independent penkeeper of a property called Breadnut Island Pen-- a loan that he would return about a year or so later. It was one of several loans she would give to them him throughout their relationship.

Phibbah outlived Thistlewood, and was granted her freedom following his death in 1786."
P8,NANCY,,?,,PARADISE ESTATE (1750-1786),L2,"Nancy was an Afro-Creole domestic laborer who lived on/moved between Egypt estate, as well as Paradise estate (another plantation owned by John Cope. She was the sister of Phibbah, Egypt's housekeeper, and aunt to Phibbah's two children, Accubah [also known as Coobah and later Jenny Young] and John.

The diaries confirm Nancy as having two pregnancies; one in  to a boy named Davie who fell sick snd died in 1756, and another in 1757 to a girl who was born dead.

Like Phibbah, Nancy held relative measures of material and social privilege. She held multiple 'balls' that her sister and other domestic enslaved labrers and whites attended. She was able to 'rent' out the labor of an enslaved Egypt fieldwoman named Rose to assist her in caring for Davie when he was ill. In the aftermath of Davie's death, Nancy held a ""play"" (funeral) for Davie that lasted for two days/nights.

Nancy was close friends with her sister Phibbah, as well as a broader circle of friends that included ncluded her sister Phibbah, her niece Accubah, domestic laborer and healer Vine, domestic laborer House Franke, and fieldwoman Egypt Lucy. Together, the six women pooled the money and resources they earned through the selling of goods they raised from their provison grounds, their raising of livestock, and from sewing work they were contracted to perform for whites. They intended the funds to be used to purchase at least one of each other's freedom (notably, Nancy's).
"
P9,JOHN,"MULATTO JOHN

PHIBBAH'S JOHN",MIXED RACE,FAIR SKINNED; 'MULATTO',"EGYPT ESTATE (1760)

MRS BENNETT'S",L1; L18,"John was the mixed race son of Phibbah, the housekeeper of Egypt Estate, and Thomas Thistlewood, Egypt's overseer and the later owner of Breadnut Island Pen. Although he assumed paternal and financial support for him, Thistlewood never directly acknowledged paternity of John in the diaries, either referring to him as ""Phibbah's child"" or ""Mulatto John"".

John was born in April of 1760 in a difficult birth, assisted by a midwife from Salt River estate called Old Daphne and House Franke, his mother's close friend and business partner. In the days following his birth, John was nursed by an Egypt fieldwoman named Egypt Lucy, who would go on to become one of his mother's closest friends, business partners, and a caregiver for John when his parents moved away from him.

Phibbah secured a promise from Thistlewood in October of 1761 that John would be granted his freedom and in May of 1762, he fulfilled that promise. During the majority of his childhood, the freed John was sent to live in a boarding school for mixed race children where he learned how to read and write, was eventually apprenticed to become a carpenter at the age of 15, and allowed to join in Jamaica's 'colored' militia. One of his childhood friends was James, the son of a mixed race domestic laborer named Little Mimber on a neighboring plantation.

John was not diligent in his apprenticeship, often absenting from work for days on end. He was frequently in debt, and involved in domestic disputes. 

John lived to the age of twenty, then died in September of 1780 of a sudden, putrid stomach infection that turned his fingernails black and shredded his intestines. Phibbah was beside herself with grief, later suspecting that he had been willfully poisoned as a result of a love triangle gone horribly wrong. The death struck a heavy blow to the broader enslaved community, many of whom came to his burial. John’s half-sister Accubah came to stay with their mother for several weeks afterwards. "
P10,HOUSE FRANKE,,?,,PARADISE ESTATE,L2,"House Franke was an enslaved domestic laborer who lived on Paradise estate. She was a very close friend of Phibbah [the housekeeper of Egypt estate], Phibbah's sister Nancy, Phibbah's daughter Accubah [also known as Coobah and later, Jenny Young], an enslaved domestic laborer and healer named Vine, and an enslaved Egypt fieldwoman named Egypt Lucy. Together, the six women pooled the money and resources they earned through the selling of goods they raised from their provison grounds, their raising of livestock, and from sewing work they were contracted to perform for whites. They intended the funds to be used to purchase at least one of each other's freedom.

House Franke had a husband named Paradise Jack who (presumably) lived with her at Paradise. 

House Franke was a very frequent visitor to Egypt, and to Breadnut Island Pen to visit with Phibbah. When Phibbah gave birth to John in 1760, House Franke came and stayed at Egypt for several days to assist at her bedside. When Phibbah herself fell ill, House Franke came and stayed with her again to nurse her back to health. Like Egypt Lucy, House Franke also mantained a significant presence in the lives of Phbbah's children (who did not live with her for the majority of the time).

House Franke was a relatively prosperous businessowman and in  1769, she along with Phibbah, and Egypt Lucy gave Thistlewood a 27 pound loan to help him in his transition from Egypt's overseer to an independeny penkeeper of a property called Breadnut Island Pen. He would repay the loan about a year later. House Franke made a second loan to Thistlewood in December of 1770; he repaid it in September of 1771."
P11,OLD DAPHNE,,?,,SALT RIVER ESTATE,L4,"Old Daphne was an enslaved 'grannie' midwife who resided on Salt River Estate. She was called to preside over at least fivw different childbirths over the course of about a decade, including Phibbah, the housekeeper of Egypt estate and three enslaved fieldwomen named Jenny, Anjaw, Mountain Lucy and Sarah."
P12,VINE,,MOST LIKELY AT LEAST HALF AFRICAN,,CABARITTA ESTATE,L8,"Vine was a full blooded African or a first generation Afro-Creole domestic laborer who lived on a neighboring plantation called Cabaritta Estate owned by one of Thistlewood's friends, Samuel Say. She was the daughter of at least one enslaved African parent, a man named Old Pompey who belonged to another of Thistlewood's friends named Jeremiah Meyer and lived on his estate of Meylersfield. When Vine's mother died in 1764, the enslaved community held a ""play"" (a communal funeral) in her honor.

Vine was involved in various sexual/domestic partnerships over the course of several years, including one with a white man named MacArthur who was employed on the Roaring River estate, and another with a driver named Sam who lived on the property of a Mrs. Sarah Bennett (who would lster sell thistlewood Breadnut Island Pen).

The diary never describes Vine as having any children of her own. However, she was a regular presence in the lives of her friends' children, especially that of her friend Phibbah [the housekeeper of Egypt Estate) and Phibbah's children John and Accubah, and Egypt Lucy's child Little Quashe.

Vine was a very close friend of Phibbah, Phibbah's sister Nancy, an enslaved domestic woman from Paradise Estate named House Franke, and an enslaved field woman from Egypt Estate named Egypt Lucy. Vine, Phibbah and John were relatively privileged as domestic laborers, given leave by their masters to attend various social events througout the parish such as horse races. In a significant departure from most other enslaved people in Jamica who were forced to walk everywhere as their chief means of transportation, Vine owned her own horse named Powder Tail.

Vine was a skilled healer and regularly attended to the sickbeds of enslaved men, women and children when they were ill--especially when they were friends or her friends' children.

Vine was a skilled teller of Anansi spider stories, and frequently came to Egypt in the evenings to tell them to enslaved people and whites alike, sometimes alongside other enslaved Africans like Abba."
P13,OGO,MARIA,EBO,"4'11 INCHES HIGH (1761)

'TT' IN DOWNWARD TRIANGLE BRAND ON HER RIGHT SHOULDER (1761)
","EGYPT ESTATE (1761-1767)

BREADNUT ISLAND PEN (1767-1786)",L1; L3,"Ogo first appeared in the diary in December of 1761. Thistlewood purchased her in a group sale of five other Africans from a trader for 50 pounds. Upon her arrival to Egypt estate, he paired her with an enslaved fieldwoman named Egypt Lucy to be 'seasoned'. After renaming her ""Maria,"" a mere one week after her purchase, he put Ogo to work in Egypt's fields.

Five years after her arrival in Jamaica, Ogo gave birth to her first child: a daughter named Lucy. Her father was most likely Solon, an enslaved field laborer  and sometimes driver whom Thistlewood purchased a few months before Ogo. Over the next several years, Ogo would have several more sexual partners/spouses, including another enslaved man at the neighboring Retrieve estate, an enslaved man named Peter owned by another of Thistlewood's friends named Wilson, and an enslaved man from Egypt estate named Cubbena. Thistlewood forced himself upon her sexually several times.

 The diary also confirms Ogo as having two more children: a boy born in 1770 who died at seven days old of tetanus, and another daughter named Rachael  born in 1771 who would die in 1775 at four years old. Her eldest daughter, Lucy would fall sick of stomach pains and convulsions and die in 1777 at the age of ten.

In the years following her captivity, Ogo would act as a nurse/caregiver for Abasse (renamed Will) when he became seriously ill and died in 1767, who was one of the six that Thistlewood purchased in 1761 and was thus likely one of Ogo's shipmates.  

Ogo outlived Thistlewood by the time of his death in 1786. In a 1787 appraisal of his human property, she was estimated to be ""about 40 years old) and valued at 50 pounds (the exact same price Thistlewood orginally paid for her in 1761)."
P14,LUCY,LITTLE LUCY,AFRICAN/AT LEAST HALF EBO,,"PARADISE ESTATE (1766)

EGYPT ESTATE (1766-1767)

BREADNUT ISLAND PEN (1767-1777)",L2; L1; L3,"Little Lucy was born in November of 1766 to Ogo, an ""Ebo"" young woman and fieldhand and Solon, an African young man and fieldhand on Paradise Estate, both purcahsed by Thistlewood in 1761. Her mother was assisted in the delivery by an enslaved grannie named Paradise Quasheba.

Little Lucy would have two siblings: a brother born in 1770 who died at just seven days old of tetanus, and a younger sister, Rachael, born in 1771 and and who would die in 1775 at four years old.

Little Lucy was often sick, and subject to frequent injuries over her life, but she often was able to recover. In 1777, she became extremely ill of stomach and neck pains for several days before falling into convulsions and dying at the age of ten--a milestone in a time and place when most enslaved children died before reaching the age of two. Solon dug her grave. On the evening of her burial, a moon/lunar rainbow appeared in the sky. "
P15,NANNY,,AFRICAN,,"KINGSTON

EGYPT ESTATE

BREADNUT ISLAND PEN",L19; L1; L3,"Nanny was an enslaved African young woman purchased by John Cope on Thistlewood's behalf in July of 1761 in Kingston, alongside two other African men: Solon and Caesar, who were also most likely her shipmates. She was presumed to be 21 years old.

Nanny had just one daughter, born in August of 1766 ""in the height of bad weather"" at a neighboring estate called Paradise. Nanny was assisted in the birth by an enslaved grannie named Paradise Quasheba. Her daughter was named Little Phibbah.

In the Spring of 1768, Nanny was entrusted with caring for Molia's (renaned Coobah) only child Silvia while Molia was hired out to labor on a neighboring plantation. Silvia fell sick while her mother was away and died at 15 months old.

Little Phibbah was often ill througnout her life, and in 1771 she died at age of five after a long and painful bout of stomach worms.

Nanny would be one of the enslaved people on Breadnut Island Pen who would go on to outlive Thistlewood following his death in 1786. In a 1787 appraisal of his human property she was estimated to be ""about 47 years old"" and valued at 60 pounds. 

"
P16,COOBAH,ACCUBBAH; JENNY YOUNG; PHIBBAH'S COOBAH,?,,PARADISE ESTATE,L2,"Accubah, also known as 'Coobah' was an enslaved Afro-Creole girl born to Phibbah, the housekeeper of Egypt Estate and an unknown father sometime during the 1750s.

Throughout her childhood, she mostly lived apart from her mother on Paradise, a neighboring sugar estate that was also owned by their owners John and Mary (Molly) Copeand served as a domestic servant to Molly Cope. Accubah was later sent to a school for mixed race children at an early age to learn to read and write.

In addition to being frequently separated from her mother, Accubah was frequently the target of sexual predation from white men, including John Cope and a white laborer on Egypt named Sam Matthews who attempted to rape her in Egypt's boiling house in before being thwarted, ironically enough, by Thistlewood himself. She was one of the only enslaved girls/women in the diary who he never forced himself upon sexually.

Accubah had a number of sexual partners over the years who were mostly either free mixed race men of color, or white men. Three of the mixed race men were described as being her 'husband': Mulatto Davie in 1761, Nagua in 1766 (who also appeared to have grown up with Accubah on the estate), and Jimmy Stewart in 1776.

Accubah was an accomplished seamstress, who put her skills to good use in taking on paid sewing jobs for Thistlewood, and also sewing intricate messages into the dresses and bodices of her fellow enslaved women.

At some point during the late 1760's Accubah became involved in the cult society of Myalism; an Afro-Jamaican religion that according to what some scholars have argued was “the first religious organization of Africans in Jamaica” that “addressed itself to the entire slave society."" Myal was organized around the premise that enslaved people could inure themselves to the many dangers and predations from white

Accubah was very close with her mother PhIbbah, and with her mother Phibbah's friends: Accubah's aunt Nancy, an enslaved domestic woman who also lived at Paradise named House Franke, an enslaved domestic woman and healer named Vine from Cabaritta estate and an enslaved field woman from Egypt named Egypt Lucy. Together, the six women pooled the money and resources they earned through the selling of goods they raised from their provison grounds, their raising of livestock, and from sewing work they were contracted to perform for whites. They intended the funds to be used to purchase at least one of each other's freedom.

Accubah was very fond of hearing Anansi spider tales told by her mother's close friend, an enslaved healer from Cabarittta Estate named Vine. She made regular trips to her mother's later residence of Breadnut Island Pen to hear them under the cover of night.

Accubah traveled abroad to England twice in her lifetime; once in 1767 and once in the spring of 1771, as a domestic to the Cope's two daughters. On her second trip, she was baptized into the Church of England and christened 'Jenny Young', a name she would go by for the rest of her life after returning to Jamaica.

Accubah had seversl children over the course of her life, but only one of whom would survive into childhood: Little Nancy (presumably named after her Aunt).

Like her mother, Accubah/Jenny Young would go onto outlive Thistlewood past his death in 1786, although it is unknown whether or not she would ever receive her freedom like her mother did."
P17,SALLY,,CONGO,4'1 INCHES HIGH (1762),BREADNUT ISLAND PEN,L3,"Sally first appears in the diary in April of 1762 in a purchase that Thistlewood made from one his white associates/friends Jeremiah Meyler. He described her as a ""Congo girl"" of no more than ""9 or 10 years old"" and standing at just 4'1 inches tall. He paid 42 pounds cash for her.

Sally was originally intended and trained to be a seamstress/domestic laborer, but for the next twenty two years, she would put up regular and varied shows of resistance to every job, assignment or position that Thistlewood tried to force upon her. Even after he eventually relegated her to his field gang, Sally regularly stole food and other possessions from both white and endlsved Black people throughout the neighborhood. Over the course of her twenty two years in Jamaica, she ran away at least twelve different times.

Sally was the victim of many acts of sexual assault and terrorism from various white men. (including Thistlewood) that mutilated her genitals, which probably attributed to the fact that she never had any children, nor was confirmed as ever being pregnant. Like many field laborers in Jamaica, she was often ill from yaws (which resulted in the amputation of one of her toes), and from venereal diseases. 

In November of 1784, Thistlewood sold Sally to anther trader, who transported her off the island altogether and to an unknown location."
P18,PARADISE QUASHEBA,,?,,PARADISE ESTATE,L2,"Paradise Quasheba was an enslaved 'grannie' (midwife) who lived on Paradise Estate. She attended at least eleven different enslaved women's births between 1759-1766: Egypt Lucy, Nancy, Rosanna, Moll, Agnes, Jenny, Wonga, Molia, Ogo, Nanny and Eve--the majority of whose infants survived both a 9 day observing period and several years into their childhoods. "
P19,PEGGY,,AFRICAN,"5'1 INCHES HIGH

SCAR ON LEFT CHEEK

BACK AND BELLY FULL OF COUNTRY MARKS
HOLES THROUGH HER NOSE (1765)

'TT' BRAND ON HER RIGHT SHOULDER

SCARS FROM REPEATED FLOGGINGS",BREADNUT ISLAND PEN,L3,"Peggy was an African young woman who first appeared in the diary in 1765 when Thistlewood attended a 'slave scramble' aboard a Guinea ship and purchased her alongside 9 other enslaved Africans (5 young men and 4 other young women in total). These 9 Africans were Peggy's shipmates: Syphox, Cudjoe, Chub, Bristol, Jmmy, Myrtilla, Phoebe, Franke and Damsel). Thistlewood presumed her to be ""about 16 or 17 years old.""

Peggy was assigned to field labor for the next twenty one years. She was often ill of yaws. Thistlewood also speculated that at times, she showed signs of being ""disordered in her senses,"" although he doesn't specify why/how.

If Peggy ever had a husband/domestic partner, Thistlewood never knew or recorded it.  She never bore any children, nor was she ever described as ever being pregnant. For several years, she shared a household with her fellow field gang member Molia [Coobah] and Molia's daughter, Silvia. Follwing Silvia's death, Peggy continued to share a household with Molia until 1774 when Thistlewood, frustrated with her repeated escaps attempts, sold her to a trader who trafficked her to Georgia.

Peggy was caught engaging in geophagia (eating dirt) in 1774 and was flogged for it (notably for the first time). An accident involving a driver and a whip caused her right eye to be severely mutilated in June of 1780. She was one of the enslaved community who outlived Thistlewood following his death in 1786. In a 1787 appraisal, she was estimated to be about 39 years old, described as ""distempered,"" ""blind in one eye"" and valued at 10 pounds. "
P20,ABBA'S JOHNIE,,AT LEAST HALF AFRICAN,,"EGYPT ESTATE

BREADNUT ISLAND PEN",L1; L3,"Johnie was born in 1764 to Abba, an enslaved African domestic laborer that Thistlewood first purchased in 1758. His father may have been Neptune, an enslaved man belonging to a white man named Emotson, one of Thistlewood's friends who also owned a tavern in Savanna la Mar and was described as Abba's ""husband"" around the time of his birth. He had three surviving siblings who: an elder sister named Mary, a younger brother named Neptune and a younger sister named Jenny. 

Johnie lived to the age of seven (a milestone for a child in Jamaica at that time). In January of 1771, he became deathly ill, suffering from stmach cramps and falling into ""faints""/""fits"" (seizures). Vine, an enslaved domestic laborer and healer from the neighboring Cabaritta estate came to ""bleed"" and tend to Johnie. Three days later Thistlewood himself sent Abba with Johnie to the parish Bay to be seen and treated by a white physician, but Johnie died on the trip back home. Abba was inconsolable with grief. Johnie was buried that same evening near his mother's house. Numerous enslaved people from surrounding estates and pens, including Vine, attended his funeral, singing over him.

Several months later in July 1771, Abba was still in mourning  for Johnie, engaging in the practice of 'throwing water' and participating in communal songs and drumming in his honor."
P21,ABBA'S MARY,,AT LEAST HALF AFRICAN,,BREADNUT ISLAND PEN,L2,"Mary was born in January 1762, the first daughter/child of Abba, an African young woman and Neptune, an enslaved man belonging to a white man named Emotson, one of Thistlewood's friends who also owned a tavern in Savanna la Mar. She had three surviving siblings: Johnie, Neptune, and Jenny.

In March/April of 1763, Mary contracted smallpox; though she ultimately recovered from the disease itself, she was permanently blinded. 

The diary describes Mary as having one husband/domestic partner on a neighboring sugar estate called Three Mile River named Quacoo with whom she had two children: one daughter born in 1784 who died at 1 week old, aand another daughter born in 1785 named Prue who was still alive by the time of Thistlewood's death inn 1786.

Like her mother, Mary outlived Thistlewood. Inan appraisal of the complete inventory of all his human property, her value was estimated to be just 1 pound."
P22,LITTLE PHIBBAH,,AT LEAST HALF AFRICAN,,"PARADISE ESTATE

EGYPT ESTATE

BREADNUT ISLAND PEN",L2; L1; L3,"Little Phibbah was born in August 1766 at Paradise Estate in ""the height of bad weather"" to an enslaved African woman named Nanny and an unknown father. A midwife named Paradise Quasheba was in attendance at her birth.

Little Phibbah was frequently ill and cared for by her mother. When she was five years old, she became very badly afflicted with stomach worms. After being treated repeatedly by her mother, Thistlewood and white physicians over the course of several days, she died on September 9 1771. Two enslaved men named Lincoln and Abasse dug her grave and buried her the next evening."
P23,SHIPMATE,,AFRICAN,,BLUEFIELDS BAY,L11,"In November of 1770, an enslaved ""Ebo"" woman named Molia made her seventh esacpe from Breadnut Island Pen. She stayed missing for eleven days before being caught at a place called Bluefields Bay and brought back to the Pen. At some point during this recovery Molia told someone that she had gone to Bluefields Bay for a specific purpose; this purpose was to see a person she desccribed as her ""shipmate"". 

This unnamed/unidentified person was Molia's shipmate with whom she had, presumably, survived hte Middle Passage voyage at least nearly a decade earlier and with whom she had maintained a close and intimate relationship. It is the first and on;y time that this Shipmate would ever be mentioned in the diary."
P24,LINCOLN,,EBO,,"EGYPT ESTATE

BREADNUT ISLAND PEN",L1; L3," Lincoln first appears in the diary in Janury of 1756 as the very first enslaved person Thistlewood purchased for 43 pounds. Presumed to be an ""Ebo"", he was described as being 16 years of age, and 4 ft 9 inches tall.

 Throughout the course of those three decades, Thistlewood regularly appointed him to skilled positions such as a fisherman and a driver of the field gangs. He regularly entrusted him with the use and possession of a gun with which to hunt game and also regularly sent him out to search for and retrieve the most troublesome of runaways. Lincoln was the most frequent recipient of Thistlewood’s castoff clothes and worn possessions that he no longer wanted. The rations of food and rum he received were markedly higher than nearly everyone else’s. 
Lincoln had multiple domestic and sexual relationships, including one with an Egypt field woman named Violet, another named Egypt Susanah, and another African domestic laborer owned by Thistlewood named Abba. Lincoln and Abba would have two children together: a daughter named Jenny born in August of 1772, and a daughter named Phibbah born in April of 1776. Lincoln's longest core relationship however, was with Sukey, an African young woman who Thistlewood purchased in 1761 from a trader named John Hutt; they never had any children. Many of Lincoln's relationships with women were fraught with tension, even to the point of domestic violence.

Lincoln would be one of the enslaved population on Breadnut Island Pen who would go on to outlive Thistlewood past his death in 1786. Presumed to be 47 years old in a 2787 appraisal, his value was assessed at 50 pounds."
P25,MASON QUASHE,,?,,,,"Mason Quashe was an enslaved man who belonged to Elizabeth Anderson, a ""free coloured (mixed race) woman""who was the mistress of William Dorrill, Thistlewood's first empoyer and the initial owner of Egypt, Salt River and Paradise upon his arrival in Jamaica. She frequently hired Mason Quashe out to Egypt and other estates throughout the parish where he performed a wide array of skilled and very highly sought after labors such as masonry, carpentry, fishing, and driving of the field gangs. He was 'paid' for these labors in rum and castoff clothing from white men.  

Mason Quashe was a prominent figure in the enslaved community of Westmoreland, and held close relationships with other prominent figures in that community such as Phibbah, the housekeeper of Egypt, and the other women in her social circle such as House Franke and Egypt Lucy, who tended/cared for him in times of illness.  

Mason Quashe had a number of sexual/domestic relationships with several enslaved women throughout the neighborhood, including one with Egypt field woman Egypt Lucy, who left her previous husband Daniel for him--their union rrsulted in a son born in December of 1759: Little Quashe. He also had another child, a daughter named Franke who lived on a neighboring estate.

Mason Quashe's status as a skilled laborer seemed to give him a relative amount of privilege, particularly in his abilty to move around the parish, and beyond it. In 1767, he traveled abroad to British North America, where he would pass away from complications of gout and stomach maladies in 1767. "
P26,SOLON,,AFRICAN,,BREADNUT ISLAND PEN,L3,"Solon first appears in the diaries in July of 1761 when he was acquired by John Cope on Thistlewood's behalf from a slave market in Kingston alongside two others: an African woman named Nanny and an African young man named Caesar. Thistlewood paid 50 pounds for each one of them. He also described Solon as being ""about 16"". 

In later years, Solon would (like many others) be taken ill with various ailments and diseases such as stomach cramps, guinea worms, eye infections, and yaws.

Solon was a skilled fisherman and was often sent by Thistlewood to catch fish for him in nearby rivers and streaams. He was also frequently sent out to search for escaped runaways, particularly a young 'Ebo' woman named Molia who ran away from Thistlewood at least 14 times between 1769-1774.

Solon was the domestic partner/'husband' of Ogo (renamed 'Maria'), a presumed 'Ebo' African young woman purchased by Thistlewood from a slave trader named John Hutt in December of 1761. They had at least one child together: a daughter named Lucy, b0rn in November of 1766, who lived to the age of ten before dying in 1777 from stomach ailments.

"
P27,WANGA,PRINCESS,AFRICAN,,EGYPT ESTATE,L1,"Wanga was an African woman who was purchased and brought to Egypt to work as field laborer in May of 1754 shortly after Thistlewood's arrival in the early 1750's. Upon her purchase, she was renamed ""Princess,"" and paired with another enslaved woman named Quashe who served as her 'seasoner'.  

Wanga would have several confirmed sexual/domestic partners over the course of the sixteen years that Thistlewood served as overseer at Egypt. Among them were a driver named Hazat, and an Ebo man and skilled laborer named Cyrus, with whom she had a son in January of 1757 named Little Dick.

Although he survived his first two years of life, Little Dick was badly afflicted with yaws, a severe bacterial infection that resulted in skin lesions, joint inflammation and bone pain/deformities. In July of 1759, Little Dick passed away from the complications of yaws. Two months later his father, Cyrus, would go on to hold a ""feast"" (funeral ceremony) in his honor.

In 1761, Wanga was assigned to be the seasoner of an estimated 15 year old 'Ebo' young woman named Molia who had been purchased by Thistlewood and who he renamed 'Coobah'. 

Wanga ran away from the estate once in the spring of 1762. She was also pregnant at the time of her escape. Daniel, a skilled laborer was sent to search for and return her to the estate. She was later sent to Paradise estate to lie-in and give birth to a daughter named Charlotte, who survived at least until her second year."
P28,OLD LEANDRA,,AFRICAN,,MRS. BENNETTS,,"Old Leandra was an enslaved African woman and 'grannie' (midwife) who belonged to Sarah Bennett, a wealthy white proprietress who would later go on to sell Thistlewood Breadnut Island Pen in 1767. 

As a young(er) woman and captive upon a Middle Passage slave ship sailing from Guinea, Old Leandra was sexually coerced by the captain of the ship. She was alleged to have betrayed a plot of a shipboard rebellion to him in exchange for her freedom. Upon reaching Jamaica, the Captain temporarily left her in the keeping of a proprietor called Cunningham, supposedly as a ""free person,"" until his return to reclaim her; he died while away. Neither Cunningham nor his son honored the agreement to give Old Leandra her freedom, and eventually sold her to Sarah Bennett, with whom she remained for many years. 

It would not be until 1772 when Old Leandra was an elderly woman and (presumably) of little to no further use to Sarah Bennett that Bennett abruptly announced to Old Leandra that she was at last  free ""to go where she pleases."" The diary does not give a clear indication of where she lived following this 'release', but Old Leandra would go on to serve as a nurse and birthing attendant for Abba and Molia, two other women enslaved by Thistlewood.

Old Leandra was a caregiver for enslaved children, most particularly for [Mulatto] John, the mixed race son of Thistlewood and Egypt's housekeeper Phibbah who lived with Sarah Bennett while attending a school for mixed race children."
P29,JOB,,?,,EGYPT ESTATE,L1,
P30,MOUNTAIN LUCY,,?,,EGYPT ESTATE,L1,"Mountain Lucy was an enslaved fieldwoman who lived and worked on Egypt estate from as early as 1754. 

Like many other fieldhands, Mountain Lucy lived in conditions of immense poverty and food scarcity. Throughout periods of particularly severe famine and droughts on the estate, she appeared to have engaged in a coercive sexual relationship with Thistlewood in exchange for food, ""bitts"" (money), and other presents. 

In 1755, when Egypt's domestic housekeeper Phibbah became pregnant, she  ""brought"" Mountain Lucy to Thistlewood to ""keep"" as a ""sweetheart"" (sexual partner) while she was in her latter trimester of pregnancy. Thistlewood initially resisted the arrangement, but eventually relented.

Mountain Lucy was the mother of at least four children. In 1756, she gave birth to a girl, Prue, who managed to survive at least until the age of 8 (an enormous milestone for enslaved chilren in Jamaica), and who Mountain Lucy claimed had been fathered by Thistlewood, presumably duringPhibbah';s lying in period (although he denied this). Between 1758 and 1759, she gave birth to two boys, once each year, who both died within days. Another girl, Flora would follow in 1761 and survive until at least the age of 3. 

Mountain Lucy ran away from the estate at least twice in 1756. She was found within days on both occasions and punished with brutal floggings and gaggings. She was also punished on multiple occasions for giving verbal protests to the drivers in the field"
P31,FANNY,,?,,,,
P32,MIRTILLA,MYRTILLA,SOCO,TWO BLACK MARKS DESCENDING OBLIQUELY FROM HER EYES AND HER BELLY FULL OF COUNTRY MARKS,EGYPT ESTATE,L1,
P33,ELLIN,,EBO,,EGYPT ESTATE,L1,
P34,DAMSEL,,CHAMBOY,"4'8 INCHES HIGH
ON HER FACE, 3 LONG STROKES DOWN EACH CHEEK,  2 SMALL OBLIQUE, ETC. 

HER BELLY FULL OF COUNTRY MARKS & AN IN ARCH BETWEEN HER BREASTS. (1765)",BREADNUT ISLAND PEN,L3,
P35,PARADISE JACK,,?,,PARADISE ESTATE,L2,
P36,OLD POMPEY,,MOST LIKELY AFRICAN,,,,
P37,SUKEY,,AFRICAN,"4'8 HIGH (1761)

'TT' IN DOWNWARD TRIANGLE BRAND ON HER RIGHT SHOULDER (1761) ","EGYPT ESTATE 

BREADNUT ISLAND PEN",L1; L3,
P38,SAWNO; DOWOTRONNY,DICK,AFRICAN,"5'7 HIGH (1761)

""TT"" IN DOWNWARD TRIANGLE BRAND ON HIS RIGHT SHOULDER","EGYPT ESTATE 

BREADNUT ISLAND PEN",L1; L3,
P39,ABASSE,WILL,EBO,"5'3 HIGH (1761)

""TT"" IN DOWNWARD TRIANGLE BRAND ON HIS RIGHT SHOULDER","EGYPT ESTATE 

BREADNUT ISLAND PEN",L1; L3,
P40,OWORIA,POMPEY,COROMANTEE,"4'9 HIGH (1761)

'TT' IN DOWNWARD TRIANGLE BRAND ON HIS RIGHT SHOULDER (1761)","EGYPT ESTATE 

BREADNUT ISLAND PEN",L1; L3,
P41,BESS,,?,,BREADNUT ISLAND PEN,L3,
P42,DANIEL,,?,,"EGYPT ESTATE 

",L1,
P43,THE OVERSEER,THOMAS THISTLEWOOD,ENGLISH/BRITISH,,"VINEYARD PEN

EGYPT ESTATE

BREADNUT ISLAND PEN",L20; L1; L3,
P44,THE PLANTER,JOHN COPE,ENGLISH/BRITISH,,"PARADISE ESTATE

EGYPT ESTATE",L2; L1,
P45,THE PLANTER'S WIFE,MARY (MOLLY) COPE,ENGLISH/BRITISH,,"PARADISE ESTATE

EGYPT ESTATE",L2; L1,
P46,THE NEIGHBOR,SAMUEL SAY,ENGLISH/BRITISH,,CABARITTA ESTATE,L8,
P47,THE CAPTAIN,ARTHUR FOREST,ENGLISH/BRITISH,,MASEMURE ESTATE,L6,
P48,,DAVID KINLOCK,ENGLISH/BRITISH,,MASEMURE ESTATE,L6,
P49,,GEORGE LESLEY,ENGLISH/BRITISH,,,,
P50,THE PROPRIETRESS,SARAH BENNETT,ENGLISH/BRITISH,,SARAH BENNETT'S,L18,
P51,THE SLAVE TRADER,JOHN  HUTT,ENGLISH/BRITISH,,,,
P52,CUDJOE,,?,,,,
P53,,JAMES LYMBORNER,ENGLISH/BRITISH,,PARADISE ESTATE,L2,
P54,JIMMY,,COROMANTEE OR SHANTE,"4'5 INCHES HIGH (1765)

'TT' IN DOWNWARD TRIANGLE BRAND ON HIS RIGHT SHOULDER",,,
P55,THE OVERSEER'S NEPHEW,JOHN THISTLEWOOD,ENGLISH/BRITISH,,EGYPT ESTATE,L1,
P56,LITTLE NANCY,,?,,PARADISE ESTATE,L2,
P57,CHUB,,AFRICAN,"4'10 HIGH
3 PERPINDICULAR SCARS DOWN EACH CHEEK

'TT' IN DOWNWARD TRIANGLE BRAND ON HIS RIGHT SHOULDER
(1765)",,,
P58,PHOEBE,,COROMANTEE,"4'7 INCHES HIGH
VERY BLACK EYEBROWS 

'TT' IN DOWNWARD TRIANGLE BRAND ON HER RIGHT SHOULDER(1765)",BREADNUT ISLAND PEN,,
P59,FRANKE,,AFRICAN,"4'9 INCHES HIGH, HER FACE ALL OVER CHAMPHERRED 

'TT' IN DOWNWARD TRIANGLE BRAND ON HER RIGHT SHOULDER
(1765)",BREADNUT ISLAND PEN,,
P60,CUDJOE,,COROMANTEE,"5'6 INCHES HIGH
3 SPONTS ON HIS RIGHT CHEEK, 4 ON HIS LEFT 

'TT' IN DOWNWARD TRIANGLE BRAND ON HIS RIGHT SHOULDER
(1765)",BREADNUT ISLAND PEN,,
P61,OLD CUDJOE,,?,,,,
P62,SYPHOX,,TEMNE DONCO,"5'5 INCHES HIGH
SEVERAL ROWS OF PUNCTURES ACROSS THE BELLY & THUS ON FACE 

'TT' IN DOWNWARD TRIANGLE BRAND ON HIS RIGHT SHOULDER
(1765)",,,
P63,BRISTOL,,SOCO,"5'1 INCHES HIGH
SEVERAL PERPINDICULAR SMALL & ONE DIAGONAL SCAR ON EACH CHEEK

'TT' IN DOWNWARD TRIANGLE BRAND ON HER RIGHT SHOULDER

(1765)",,,
P64,,JOHN STONE,BRITISH/ENGLISH,,,,
P66,,DR. DRUMMOND,BRITISH/ENGLISH,,,,
P67,,RICHARD CROTCHER,BRITISH/ENGLISH,,,,
P68,,CHARLES GRAHAM,BRITISH/ENGLISH,,,,
P69,,MR. PARKER,BRITISH/ENGLISH,,,,
P70,THE LAWYER,MR. CHAMBERS,BRITISH/ENGLISH,,,,
P71,STROP,,?,,,,
P72,,MR. BEAN,BRITISH/ENGLISH,,,,
P73,WANICKER,,AFRICAN,,SALT RIVER ESTATE,L4,
P74,OLD SHARPER,,MOST LIKELY AFRICAN,,,,
P75,,WILLIAM DORRILL,BRITISH/ENGLISH,,SALT RIVER ESTATE,L4,
P76,ELIZABETH ANDERSON,,MIXED RACE (OCTROON),FAIR SKIN (MIXED RACE),SALT RIVER ESTATE,L4,
P77,NACOMMA,CYNTHIA,"BAMBARAH, CRIPPAH OR TINNEDONE",,SALT RIVER ESTATE,L4,
P78,COLONEL CUDJOE (MAROON),,?,,,,
P79,,(SAM)UEL MATHEWS,ENGLISH/BRITISH,,,,
P80,LITTLE MIMBER,,?,,,,
P81,,JOHN HARTNOLE,ENGLISH/BRITISH,,,,
P82,HAGAR,,?,,EGYPT ESTATE,L1,
P83,,JOHN PARKINSON,ENGLISH/BRITISH,,,,
P84,JOHNIE [MALE DRIVER],,AFRICAN,,EGYPT ESTATE,L1,
P85,SIMON,,AFRICAN,,EGYPT ESTATE,L1,
P86,CUFFEE,,?,,EGYPT ESTATE,L1,
P87,HAZAT,,?,,EGYPT ESTATE,L1,
P88,TOM,,?,,,,
P89,BACCHUS,,?,,,,
P90,MR. MOULD'S NANCY,,?,,,,
P91,FLORA,,?,,,,
P92,,MR. EMOTSON,ENGLISH/BRITISH,,EMOTSON'S TAVERN,,
P93,,MRS. EMOTSON,ENGLISH/BRITISH,,EMOTSON'S TAVERN,,
P94,,JACK COPE,JAMAICAN CREOLE/ENGLISH,,,,
P95,,DR. JAMES WEDDERBURN,ENGLISH/BRITISH,,,,
P96,OLD PHIBBAH,,?,,,,
P97,EGYPT MIRTILLA,,?,,EGYPT ESTATE,L1,
P98,L. POMPEY,,?,,,,
P99,MR. HAYWARD'S SALLY,,?,,,,
P100,LITTLE FANNY,,?,,BREADNUT ISLAND PEN,L3,
P101,CLOE,,?,,EGYPT ESTATE,L1,
P102,JACKIE,,?,,PARADISE ESTATE,L2,
P103,,SARAH WHEATLE,ENGLISH/BRITISH,,,,
P104,JENNY,NAGO JENNY,AFRICAN/BENIN/YORUBA,,EGYPT ESTATE,L1,
P105,DIDO,,?,,,,
P106,SARAH,,?,,,,
P107,NEPTUNE,,?,,,,
P108,,DR. GRAHAM,ENGLISH/BRITISH,,,,
P109,,WILLIAM BARNES,ENGLISH/BRITISH,,,,
P110,CUKOR,,,,,,
P111,,RICHARD HUNGERFORD,ENGLISH/BRITISH,,,,
P112,,DANIEL HUGHES,ENGLISH/BRITISH,,,,
P113,,BILLY LOWTHER,ENGLISH/BRITISH,,ROARING RIVER ESTATE,L21,
P114,MR. MCARTHUR,MR. MCARTHUR,ENGLISH/BRITISH,,,,
P115,ROSANNA,,?,,EGYPT ESTATE,L1,
P116,EGYPT MOLIA,,?,,EGYPT ESTATE,L1,
P117,VIOLET,,?,,EGYPT ESTATE,L1,
P118,ABIGAIL,,?,,EGYPT ESTATE,L1,
P119,MULATTO DAVIE,,?,,,,
P120,MR. MEYLER'S TOM,,?,,,,
P121,DAGO,,?,,,,
P122,EGYPT SILVIA [ADULT],,?,,,,
P123,MAZARINE,,?,,,,
P124,AGNES,,?,,,,
P125,MOLL,,?,,,,
P126,CHRISHEA,,EBO,,,,
P127,,MR. MILLER,ENGLISH/BRITISH,,,,
P128,EVE,,?,,,,
P129,EGYPT CLARA,,?,,EGYPT ESTATE,L1,
P130,CLORINDA,,?,,,,
P131,,MR. JOHN THOMPSON,ENGLISH/BRITISH,,,,
P132,MR. JOHN THOMPSONS MULATTA DAUGHER,,MIXED RACE,,,,
P133,,MRS. BESSIE CALAMY,,,,,
P134,BETTY,,?,,,,
P135,BESSIE,,?,,,,
P136,MONDAY,,?,,,,
P137,,ISAACS,JEWISH,,,,
P138,,MR. MURRAY,ENGLISH/BRITISH,,,,
P139,DOVER,,?,,,,
P140,,SAM LEA,ENGLISH/BRITISH,,,,
P141,,DAVID LOPEZ,ENGLISH/BRITISH,,,,
P142,,JN RICHIE,ENGLISH/BRITISH,,,,
P143,,MURDOCH MCLEOD,ENGLISH/BRITISH,,,,
P144,,WILLIAM GOLDING,ENGLISH/BRITISH,,,,
P145,,JOHN HAWWKINS,ENGLISH/BRITISH,,,,
P146,,THOMAS TOWNSEND,ENGLISH/BRITISH,,,,
P147,,JAMES WHITTAKER,ENGLISH/BRITISH,,,,
P148,,MR. ARCHER,ENGLISH/BRITISH,,,,
P149,,THE PINKNEYS,ENGLISH/BRITISH,,,,
P150,WILLIAM RICKETT'S CUFFEE,,?,,,,
P151,,MR. JEFF,ENGLISH/BRITISH,,,,
P152,,JOHN COLLON,ENGLISH/BRITISH,,,,
P153,,RICHARD DOBSON,ENGLISH/BRITISH,,,,
P154,,ANTHONY WATKINS TOMLINSON,ENGLISH/BRITISH,,,,
P155,,JOHN FRY,ENGLISH/BRITISH,,,,
P156,,MR. ROBINSON,ENGLISH/BRITISH,,,,
P157,,MR. NEIL,ENGLISH/BRITISH,,,,
P158,QUASHE [OWNED BY GEORGE LESLEY],,?,,,,
P159,,JEREMIAH MEYLER,ENGLISH/BRITISH,,,,
P160,MRS. BLAKE'S DOLL,,,,,,
P161,,MR. HAYWARD,ENGLISH/BRITISH,,,,
P162,JENNY [ GEORGE LESLEY'S HOUSEKEEPER],,?,,,,
P163,,THOMAS BRODIE,ENGLISH/BRITISH,,,,
P164,,JOHN CUNNINGHAM,ENGLISH/BRITISH,,,,
P165,PRINCE,,?,,,,
P166,ANJAW,,?,,,,
P167,ANJAW'S SECOND CHILD/SON,,?,,,,
P168,JOAN,DIDO'S CHILD,?,,,,
P169,LITTLE AGNES,AMBO & BETTY'S CHILD,?,,,,
P170,AMBO,,?,,,,
P171,LITTLE DICK,PRINCESS' CHILD/SON,?,,,,
P172,ELLIN'S CHILD,,?,,,,
P173,MOUNTAIN LUCY'S CHILD,,?,,,,
P174,SARAH'S CHILD/SON,,?,,,,
P175,MOUNTAIN LUCY'S CHILD #2,,?,,,,
P176,BELLA,,?,,,,
P177,OLD SYBIL,,AFRICAN,,EGYPT ESTATE,L1,
P178,MR. NORTH'S GEORGE,,?,,,,
P179,,MR. STANFORD,ENGLISH/BRITISH,,,,
P180,,GEORGE MERCY,ENGLISH/BRITISH,,,,
P181,SAM,MRS. BENNETT'S DRIVER SAM,?,,,,
P182,LEWIS,MR. MOULD'S LEWIS,?,,,,
P183,GRACE,,?,,,,
P184,OLD KATY,,?,,,,
P185,QUASHEBA [EGYPT],EGYPT GRANNIE QUASHEBA,?,,,,
P186,OGO'S CHILD [1770],,?,,,,
P187,ROSE,,CONGO,,,,
P188,,DR. ROBINSON,ENGLISH/BRITISH,,,,
P189,,WILLIAM CROOKSHANKS,ENGLISH/BRITISH,,,,
P190,EGYPT MIRTILLA/WILLIAM CROOKSHANKS DAUGHTER,,MIXED RACE,,,,
P191,MINOR,,?,,,,
P192,ACHILLES,,?,,,,
P193,VENUS,,?,,,,
P194,EGYPT HOUSE FRANKE,,?,,EGYPT ESTATE,L1,
P195,SANCHO,,?,,,,
P196,JUBA,,?,,,,
P197,LEWIE,,?,,,,
P198,THE GOVERNOR,"WILLIAM TRELAWNY, BARONET",ENGLISH/BRITISH,,,,
P199,THE GOVERNOR'S WIFE,LAETITIA TRELAWNY,ENGLISH/BRITISH,,,,
P200,THE GOVERNOR'S SISTER,MISS TRELAWNY,ENGLISH/BRITISH,,,,
P201,,MR. HAUGHTON,ENGLISH/BRITISH,,,,
P202,,MR. WEECH,ENGLISH/BRITISH,,,,
P203,,MRS. BLAKE,ENGLISH/BRITISH,,,,
P204,,MR. SENIOR,ENGLISH/BRITISH,,,,
P205,,MR. HARING,ENGLISH/BRITISH,,,,
P206,,WILLIAM POMMELLS,ENGLISH/BRITISH,,,,
P207,NAGUA,,?,,,,
P208,PLATO,,?,,,,
P209,ADAM,,?,,,,
P210,CYRUS,,EBO/AFRICAN,,EGYPT ESTATE,L1,"Cyrus was an enslaved man who lived/worked upon Egypt estate as a field hand. Presumed to be an 'Ebo' Cyrus was often tasked with performing a number of different skilled jobs around the estate, going out to search for and retrieve runaways, and even more frequently sent to fish in the nearby rivers and streams througout the parish.

Cyrus was confirmed as having two sons: a boy named Sawney with an undientified mother, and a boy named Little Dick with Wonga, an African fieldwoman who was born in 1757 and lived to the age of two before dying from complications of yaws disease. In the months following Little Dick's death, Cyrus mourned his loss by throwing a ""feast"" (a funeral celebration) in his son's honor. "
P211,EGYPT JIMMY,,?,,,,\
P212,PORT ROYAL,,?,,,,
P213,HUMPHREY,,?,,,,
P214,SAMPSON,,?,,,,
P215,FRANK,,?,,,,
P216,GEORGE,,?,,,,
P217,DAVIE,,?,,,,
P218,BASHEBA,,?,,,,
P219,YABBA,,?,,,,
P220,OLD MOLL,,?,,,,
P221,HANNAH,,?,,,,
P222,MARGE,,?,,,,
P223,BELLA,,?,,,,
P224,YARA,,?,,,,
P225,DOLL,,?,,,,
P226,MORRIS,,?,,,,
P227,,SAMUEL DUME,ENGLISH/BRITISH,,,,
P228,,DR. GORSE,,,,,
P229,PHIBBAH'S HUSBAND,,,,,,
P230,LITTLE NANCY,,"MIXED RACE, ""MULATTO""",,,,
P231,LITTLE CATALINA,,?,,,,
P232,PARADISE QUACOO,,?,,,,
P233,OGO'S SWEETHEART,,?,,,,
P234,PRINCE,,?,,,,
P235,MR. MOULD'S FRANKE,,?,,,,
P236,LONGPONG RUNAWAY WOMAN,,?,,,,
P237,CUBBENA,,?,,,,
P238,ROSANNA,,?,,,,
P239,QUANINA,,?,,,,
P240,EGYPT QUASHEBA,,?,,,,
P241,DAGO,,?,,,,
P242,VINE'S MOTHER,,MOST LIKELY AFRICAN,,,,
P243,STOMPE,,,,,,
P244,POLLY,DR. FRAZIER'S POLLY,,,,,
P245,,DR. FRAZIER,ENGLISH/BRITISH,,,,
P246,COOBAH'S FIRST DAUGHTER,,,,,,
P247,LITTLE DOLL,,,,,,
P248,,DR. ALLWOOD,,,,,
P249,LONDON,,,,,,
P250,DITTO,,,,,,
P251,BILLY FOOT'S MIMBAH,,,,,,
P252,MR. MOULD,,,,,,
P253,OLD CATALINA,,,,,,
P254,MOUNTAIN SUSANAH,,,,,,
P255,LYDDE,,,,,,
P256,NERO,,,,,,
P257,BRISTOL [BESS' SON],,,,,,
P258,PHOEBE'S CHILD/SON,,,,,,
P259,OLD CUNNINGHAM,,,,,,
P260,,DR. PANTON,,,,,
P261,HERCULES,,,,,,
P262,EVE'S DAUGHTER,,,,,,
P263,,YOUNG MR. LESLEY,ENGLISH/BRITISH,,,,
P264,,HENRY MCCORMICK,,,,,
P265,MR. BOSSLEY'S ENSLAVED WOMAN,,,,,,
P266,MR. CHAMBER'S JENNY,,,,,,
P267,EASTER,,,,,,
P268,,MR. ROBERTS,,,,,
P269,CUMBERLAND,,,,,,
P270,FLORA [MOUNTAIN LUCY'S CHILD],,,,,,
P271,LITTLE BENEBA,,,,,,
P272,,JOHN THOMSON,,,,,
P273,THOMAS,MULATTO THOMAS,,,,,
P274,,CAPTAIN SUTTIE,,,,,
P275,,THE PLANTER'S THREE DAUGHTERS,,,,,
P276,PLUTO,,,,,,
P277,OLD TOM,,,,,,
P278,FARLANE,,,,,,
P279,, JAMES LIMBURNER,,,,,
P280,,MR. GRANT,,,,,
P281,CESAR,,,,,,
P282,,JOHN DORWARD,,,,,
P283,,JOHN STUART,,,,,
P284,EGYPT QUASHE,,,,,,
P285,,MR. BURTON,,,,,
P286,,MR. RIPLEY,,,,,
P287,RIPLEY'S DAUGHTERS,,,,,,
P288,,YOUNG HORLOCK,,,,,
P289,TOM,COOBAH'S HUSBAND TOM,,,,,
P290,SAM,MR. HAYWARD'S SAM,,,,,
P291,MOCHO JIMMY,,,,,,
P292,,HANNAH PINKNEY,,,,,
P293,,MR. ALLEN,,,,,
P294,JUNO,,,,,,
P295,DERBY,,,,,,
P296,EGYPT SUSANAH,,,,,,
P297,HANNIBAL,,,,,,
P298,EGYPT QUACOO,,,,,,
P299,JOE,,,,,,
P300,CAESAR,MR. MARKMAN'S CAESAR,,,,,
P301,GUY,,,,,,
P302,CHARLES,,,,,,
P303,MARINA,,,,,,
P304,MARY (JOHN EDMOND'S WIFE),,,,,,
P305,BARBADOS WOMAN,,,,,,
P306,MR. BARTON,,,,,,
P307,BENEBA,,,,,,
P308,BARTON'S DICK,,,,,,
P309,VINEYARD PHIBBAH,,,,,,
P310,SCIPIO,,,,,,
P311,HUGO,,,,,,
P312,SIR HANS SLOANE,,,,,,
P313, VINEYARD DICK,,,,,,
P314,FULLERWOOD QUASHEBA,,,,,,
P315,EGYPT FIELD HANDS,,,,,,
P316,MR. COOK,,,,,,
P317,LEWIE,,,,,,
P318,POLLY COPE,,,,,,
P319,CLOE'S CHILD,,,,,,
P320,EMOTSON'S EVE,,,,,,
P321,BARNETT'S NANCY,,,,,,
P322,COL. BARCLAY'S NEGROES,,,,,,
P323,MRS. WHEATLEY,,,,,,
P324,PETER COLLGRAVE,,,,,,
P325,EGYPT LITTLE PHIBBAH,,,,,,
P326,MR. MOULD'S LYDDE,,,,,,
P327,ROBERT LAWRENCE,,,,,,
P328,DINAH,,,,,,
P329,KENT,,,,,,
P330,JACOB HENRIQUEZ,,,,,,
P331,RICHARD HAYWARD,,,,,,
P332,AARON TORRO,,,,,,
P333,JACOB PEFSOA,,,,,,
P334,SAM SPRINGETT,,,,,,
P335,BILLY,,,,,,
P336,PERO,,,,,,
P337,CAMBRIDGE,,,,,,
P338,PETER,,,,,,
P339,SAWNY,,,,,,
P340,AMELIA,,,,,,
P341,LITTLE COFFEE,,,,,,
P342,PRIMUS,,,,,,
P343,WORSOE,,,,,,
P344,DAPHNE [EGYPT],,AFRICAN,,,,
P345,MARGARETTA,,,,,,
P346,SOLINDA,,,,,,
P347,HARRY,,,,,,
P348,PUNCH,,,,,,
P349,LUTHE,,,,,,
P350,JOASE,,,,,,
P351,CHRISTOPHER,,,,,,
P352,EGYPT CUBBAH,,,,,,
P353,EGYPT COFFEE,,,,,,
P354,QUAMINA,,,,,,
P355,CUBBENNA,,,,,,
P356,FLANDERS,,,,,,
P357,LEWIE,,,,,,
P358,HECTOR,,,,,,
P359,LITTLE QUASHE [EGYPT DRIVER],,,,,,
P360,ABRAHAM,,,,,,
P361,BECK,,,,,,
P362,BIG MIMBER,,,,,,
P363,BIG DOLL,,,,,,
P364,OLD SAMBO,,,,,,
P365,OLD BELLA,,,,,,
P366,TOM TOMLINSON,,,,,,
P367,JAMES HAYES,,,,,,
P368,LAWRENCE OLIPHANT,,,,,,
P369,COLONEL BARCLAY,,,,,,
P370,OLD SARAH,,,,,,
P371,ANJAW'S FIRST CHILD [1758],,,,,,
P372,MRS. BENNETT'S SARAH,,,,,,
P373,HOPE,,,,,,
P374,RHADAMANTHUS,,,,,,
P375,TOBY,,,,,,
P376,SARAH'S CUBBAH,,,,,,
P377,LYDDE'S FORTUNE,,,,,,
P378,MR. GARDINER,,,,,,
P379,VIOLET'S CHILD,,,,,,
P380,QUAW,,,,,,
P381,PHILIP,,,,,,
P382,WITTE,,,,,,
P383,MR. BECKFORD,,,,,,
P384,MR. BOSSLEY,,,,,,
P385,HUGH WHITE,,,,,,
P386,JAMES WHITE,,,,,,
P387,MR. STERLING,,,,,,
P388,MR. BOYD,,,,,,
P389,PEGGY COPE,,,,,,
P390,MR. CARR,,,,,,
P391,MR. RANKIN,,,,,,
P392,BLUECASTLE OVERSEER,,,,,,
P393,BREADNUT ISLAND PEN FIELDHANDS,,,,,,
P394,DAVID FRAILL,,,,,,
P395,ADAM [OLD HOPE ESTATE],,,,,,
P396,CHARLES COOK,,,,,,
P397,MRS.MARIN,,,,,,
P398,MR. MARIN,,,,,,
P399,ENSLAVED WOMAN [MARIN'S],,,,,,
P400,DR. LIGHTFOOT,,,,,,
P401,PETER FOOKES,,,,,,
P402,SAMUEL MORDENNER,,,,,,
P403,CAPTAIN RIVIERE DE LA BRUCE,,,,,,
P404,CONGO SAM,,,,,,
P405,PHILIP HAWTHORNE,,,,,,
P406,MAJOR CHAMBERS,,,,,,
P407,MR. BLYTHE,,,,,,
P408,MR. GORDON,,,,,,
P409,MR. MASON,,,,,,
P410,MR. WATT,,,,,,
P411,TONY,,,,,,
P412,CELIA,,,,,,
P413,BENJAMIN,,,,,,
P414,MULATTO SAM,,,,,,
P415,EUCE,,,,,,
P416,TOBBI (AMBO'S CHILD),TOBBI,,,,,
P417,MR. HALL,,,,,,
P418,ENSLAVED WHEELWRIGHTS,,,,,,
P419,EGYPT,,,,,,
P420,SAUCY,,,,,,
P421,AGNES & AMBO'S CHILD #1,,,,,,
P422,CAPTAIN GILLBRAITH,,,,,,
P423,BEASTLY,,,,,,
P424,MR. MOULD'S HAZAT,,,,,,
P425,EGYPT NANNY,,,,,,
P426,RACHEL,,,,,,
P427,MORTIMER,,,,,,
P428,MR. DORWOOD,,,,,,
P429,BELINDA,,,,,,
P430,JOHN FILTON,,,,,,
P431,BELLA'S HUSBAND SAM,,,,,,
P432,SAM [MR. BARCLAY'S],,,,,,
P433,PHIBBAH'S DAUGHTER,,,,,,
P434,OLD EVE,,,,,,
P435,MISS WINN,,,,,,
P436,PHIBBAH'S HUSBAND,,,,,,
P437,JUSTICE/DR. SMITH,,,,,,
P438,THOMAS TRINDAL,,,,,,
P439,HOMER JACKSON,,,,,,
P440,MR. STONES,,,,,,
P441,EGYPT LUCY'S CHILD #3,,,,,,
P442,JENNY [ABBA'S DAUGHTER],,AT LEAST HALF AFRICAN,,,,"Jenny was born on August 30 1772 to Abba, an enslaved African woman and Neptune"
P443,NEPTUNE [ABBA'S SON],,AT LEAST HALF AFRICAN,,,,
P444,CUDJOE [JOHN RICKETT'S],,,,,,
P445,NEPTUNE [THOMAS EMOTSON'S],,,,,,
P446,DAVIE [NANCY'S SON],,,,,,
P447,NANCY'S DAUGHTER,,,,,,
P448,JAMES [LITTLE MIMBER'S SON],,,,,,
P449,RACHAEL [OGO'S DAUGHTER],,AT LEAST HALF EBO,,,,
P450,"OGO'S SON [DEAD, 1770]",,,,,,
P451,CAESAR,,AFRICAN,,,,
P452,JIMMY STEWART,,MIXED RACE,,NEW HOPE ESTATE,,
P453,ABBA'S MARY'S DAUGHTER (1784),,,,,,
P454,"PRUE [DAUGHTER OF MARY, GRANDDAUGHTER OF ABBA]",,,,,,
P455,PHIBBAH [ABBA & LINCOLN'S DAUGHTER],,,,,,
P456,CHARLOTTE (WONGA'S DAUGHTER),,,,,,
P457,SAWNEY [CYRUS' SON],,,,,,
P458,PRUE [MOUNTAIN LUCY'S DAUGHTER],,,,,,
P459,MR. LAUDERDALE,,,,,,
P460,BESY STORER,,,,,,
P461,AGNES ' CHILD #3,,,,,,
P462,MOUNTAIN NEGROES,,,,,,
P463,MRS. MOULD,,,,,,
P464,JACOB RICKETTS,,,,,,
P465,MR. SIMMS,,,,,,
P466,MR. ANTROBUS,,,,,,
P467,MR. GALLAGHER,,,,,,
P468,MR. LISTER,,,,,,
P469,WAGER (APONGO),,,,,,
P470,"""NEGROE"" MAN FROM RETRIEVE ESTATE",,,,,,
P471,HANNAH'S DAUGHTER,,,,,,
P472,CAPTAIN LEISTER,,,,,,
P473,"""THE NEGROES"" ON CAPTAIN LEISTER'S ESTATE",,,,,,
P474,"""A NEGROE GIRL""",,,,,,
P475,PHILLIS,,,,,,
P476,LITTLE QUAW,,,,,,
P477,ZACHARY,,,,,,
P478,ALLEN'S QUAMINA,,,,,,
P479,MR. OGILBY,,,,,,
P480,LYDIA,,,,,,
P481,DR.MICHAM'S WIFE,,,,,,
P482,JACKE,,,,,,
P483,SCOTLAND,,,,,,
P484,MULLIN,,,,,,
P485,WILL,,,,,,
P486,ROGER,,,,,,
P487,PRUE [EGYPT FIELDHAND],,,,,,
P488,MULATTO WILL,,,,,,
P489,SILVIA [SHIPMATE OF WIFE OF MULATTO WILL],,,,,,
P490,HESTER,,,,,,
P491,DAMSEL [WIFE OF MULATTO WILL],,,,,,
P492,DINAH [MULATTO WILL'S MOTHER],,,,,,
,\,,,,,,
LOCATION ID,LOCATION,,,,,,
L0,UNKNOWN,,,,,,
L1,EGYPT ESTATE,,,,,,
L1-A,EGYPT ESTATE HOTHOUSE,,,,,,
L1-B,EGYPT ESTATE NEGROE HOUSES,,,,,,
L1-C,EGYPT LUCY'S HOUSE,,,,,,
L1-D,EGYPT OLD NEGROE GROUND CANE PIECE,,,,,,
L1-E,EGYPT COFFEE GROUND PIECE,,,,,,
L1-F,EGYPT POTATO PIECE,,,,,,
L1-G,EGYPT BREADNUT TREE CANE PIECE,,,,,,
L1-H,EGYPT CALABASH TREE PIECE,,,,,,
L1-I,EGYPT COTTON TREE PIECE,,,,,,
L1-J,EGYPT OLD BOILING HOUSE PIECE,,,,,,
L1-K,EGYPT ORNAGE TREE PIECE,,,,,,
L1-L,EGYPT PLUM TREE PIECE,,,,,,
L1-M,EGYPT OLD SCOTCHGRASS PIECE,,,,,,
L1-N,EGYPT PAPAH TREE PIECE,,,,,,
L1-O,EGYPT OLD CURING HOUSE PIECE,,,,,,
L1-P,EGYPT PIMENTO TREE PIECE,,,,,,
L1-Q,EGYPT MILKWOOD TREE PIECE,,,,,,
L1-R,EGYPT JUDE HOUSE POND PIECE,,,,,,
L1-S,EGYPT OLD SHEEP PEN PIECE,,,,,,
L1-T,EGYPT MARL PITT PIECE,,,,,,
L1-U,PHIBBAH'S HOUSE,,,,,,
L1-V,EGYPT BOILING HOUSE,,,,,,
L1-W,AMBO'S GROUND,,,,,,
L1-X,EGYPT STILL HOUSE,,,,,,
L1-Y,THISTLEWOOD'S HOUSE,,,,,,
L1-Z,JENNY'S HOUSE,,,,,,
L1-A2,EGYPT OLD COW PEN CANE PIECE,,,,,,
L1-A3,EGYPT OLD NEGROES HOUSE PIECE,,,,,,
L2,PARADISE ESTATE,,,,,,
L2-A,PARADISE MOUNTAIN,,,,,,
L3,BREADNUT ISLAND PEN,,,,,,
L3-A,NEGRO HOUSE (BREADNUT),,,,,,
L3-B,SOLON'S HOUSE,,,,,,
L3-C,PHIBBAH'S GROUNDS,,,,,,
L4,SALT RIVER ESTATE,,,,,,
L4-A,SALT RIVER DUNGEON,,,,,,
L5,FRIENDSHIP ESTATE,,,,,,
L6,MASEMURE ESTATE,,,,,,
L7,OLD HOPE ESTATE,,,,,,
L8,CABARITTA ESTATE,,,,,,
L8-A,VINE'S HOUSE,,,,,,
L8-B,CABARITTA BRIDGE,,,,,,
L9,KIRKPATRICK PEN,,,,,,
L10,SAVANNA LA MAR,,,,,,
L10-A,DR. PANTON'S,,,,,,
L10-B,MEYLER'S WHARF,,,,,,
L10-C,SAVANNA LA MAR CHAPEL,,,,,,
L11-D,SAVANNA LA MAR COURTHOUSE,,,,,,
L11,BLUEFIELDS BAY,,,,,,
L12,THE ROAD(S),,,,,,
L13,ATLANTIC OCEAN,,,,,,
L14,BLUECASTLE ESTATE,,,,,,
L15,WILDERNESS ,,,,,,
L16,BARCLAY'S RIVER,,,,,,
L17,MR LEE'S,,,,,,
L18,MRS. SARAH BENNETT'S,,,,,,
L19,KINGSTON,,,,,,
L20,VINEYARD PEN,,,,,,
L21,ROARING RIVER ESTATE,,,,,,
L22,THE RETRIEVE,,,,,,
L23,MORELAND ESTATE,,,,,,
L24,"SAVANNAH, GA",,,,,,
L25,PORT ROYAL,,,,,,
L26,EMOTSON'S TAVERN,,,,,,
L27,MONTEGO BAY,,,,,,
L28,GOODIN'S PEN,,,,,,
L29,MR. MURRAY'S,,,,,,
L30,COLONEL RICKETT'S,,,,,,
L31,RIDGELAND ESTATE,,,,,,
L32,MRS. BLAKE'S,,,,,,
L33,MR. HAYWARD'S,,,,,,
L34,ENGLAND,,,,,,
L35,MORRIS' HUT,,,,,,
L36,NORTH AMERICA,,,,,,
L37,MOUNT PLEASANT ESTATE,,,,,,
L38,MR. JOHN STONE'S,,,,,,
L39,SWEET RIVER ESTATE,,,,,,
L40,MR. HAUGHTON'S,,,,,,
L41,MR. HARING'S,,,,,,
L42,CANAAN ESTATE,,,,,,
L43,ROCKHOLE PROVISION GROUND,,,,,,
L44,LONGPOND ESTATE,,,,,,
L46,PAUL ISLAND,,,,,,
L47,DUNBAR GROUND,,,,,,
L48,CRAWFORD'S,,,,,,
L49,MR. HAYWARD'S,,,,,,
L50,MR. WILSON'S,,,,,,
L51,HANNAH PINKNEY'S,,,,,,
L52,KENDAL ESTATE,,,,,,
L53,THE SEA,,,,,,
L54,HYNE'S LAND,,,,,,
L55,TOP HILL CANES,,,,,,
L56,OLD SHARP PEN PIECE,,,,,,
L57,MR. HARTNOLE'S,,,,,,
L58,GLASGOW ESTATE,,,,,,
L59,THE BARCADIER,,,,,,
L60,MR. HALL'S RIVER,,,,,,
L61,HARTFORD ESTATE,,,,,,
L62,STRATHBOGIE CASTLE,,,,,,
L63,LUCEA,,,,,,
L64,CAPTAIN LESITER'S ESTATE,,,,,,
L65,,,,,,,
L66,,,,,,,
L67,,,,,,,
L68,,,,,,,